pkey,first_name,middle_name,last_name,full_name,prefix,suffix,email,phone_number,street_address,city,state,zip_code
F2451853018755,Matthew,,Andrews,Matthew Andrews,Ms.,MD,kfloyd@example.net,(590)588-4712,92246 Smith Harbor,New Juan,Utah,06765
F0707106910416,Sheila,,Smith,,,,stewartjulie@example.org,672.195.2710x94178,945 Moss Burgs Apt. 097,North Kennethtown,Georgia,33701
F5933218128714,William,,Hernandez,,,,dorothyobrien@example.com,+1-921-868-3610x12531,32396 Jones Groves Suite 170,East Annestad,Maine,82258
F2763454292039,Kevin,,Acevedo,,,,ereeves@example.net,(800)581-1576,4682 Michelle Groves Suite 953,Kellyville,Montana,29052
F2348345919266,Sherry,,Jones,,,,williamsvictor@example.net,428-707-1957x1488,952 Kelly Springs Apt. 841,Veronicaport,Florida,20849
F9940225891513,David,,Mcdaniel,,,,jose26@example.org,001-755-172-6749,49194 Michael Drive Apt. 826,New Anne,West Virginia,89234
F2278066822821,Joe,,Pierce,,,,nicole14@example.com,+1-121-741-4606,7704 Andrew Loaf,East Robert,Montana,44580
F5201741181576,Holly,,Mcclure,,,,stephen41@example.org,567.891.8148x96985,220 Andres Trail Apt. 926,Michaelside,North Dakota,13994
F7183957867599,Jessica,,Kerr,,,,elizabethjones@example.net,+1-867-500-2774x4519,6575 Contreras Ferry,Port Michealview,New Mexico,91420
F1404566299103,Cody,,Carter,,,,lvazquez@example.net,0524484213,026 Lisa Wall Suite 424,Lake Brian,Florida,92010
F2413016984628,Sarah,,Elliott,,,,ngallegos@example.net,316.467.1051,67347 Ryan Mount,East Ruthstad,Mississippi,96539
F8464548961506,Jason,,Roberson,,,,normansmith@example.net,001-841-436-6984x947,63706 Morris Falls,North Henryfort,Virginia,38961
F8152642643663,Morgan,,Hartman,,,,jennifershepard@example.org,(018)961-5335x65310,738 Powell Islands,South Jonathanburgh,Mississippi,01697
F8431979161201,Larry,,Dunlap,,,,nicolehernandez@example.org,(489)623-7140,4653 Trujillo Heights,East Sharonside,Ohio,08976
F3883967682581,David,,Merritt,,,,fkelly@example.com,(772)326-6221x7061,55592 Kelly Squares,Jonesberg,Connecticut,53720
F2793532199028,Faith,,Hall,,,,melliott@example.com,(735)255-1927,57877 Fuentes Drive Apt. 715,Ramirezfurt,South Carolina,97183
F0008802574651,Lindsay,,Richardson,,,,nsnyder@example.net,001-352-055-7763x63037,12147 Stafford Walks,Boltonville,Nebraska,77399
F9487109057677,Anthony,,Watson,,,,ronald37@example.com,+1-093-715-6415x02904,27614 John Dam,Port James,Alaska,25833
F9451080012659,Brandon,,Brown,,,,stephenbass@example.org,+1-844-527-9224x213,395 Katrina Ports Apt. 324,Perezton,North Dakota,03009
F0168153689036,Julia,,Acosta,,,,sduke@example.org,2951313967,93278 Smith Ville Apt. 139,South Ryanmouth,Oregon,10693
F4998994299141,Joseph,,Green,,,,rjackson@example.com,+1-486-054-1127x8424,7435 Vincent Hills Suite 061,Kevinville,Kentucky,92198
F2028551332201,Shannon,,Torres,,,,silvakaren@example.org,4824515480,38285 Holt Fords Apt. 933,New Stephenport,Oklahoma,01835
F7722636598166,John,,Martin,,,,deanbrandon@example.com,001-276-205-3844x1285,77491 Allen Neck,Judyport,Minnesota,86903
F7712727394227,Amanda,,Bell,,,,fmiller@example.com,001-067-058-5900x36345,0031 Case Plains Apt. 803,East Ginaburgh,Illinois,83140
F4878532008971,Alvin,,Gibson,,,,bishopkimberly@example.org,697.615.3206x0853,8801 Mitchell View Suite 227,Michaeltown,Mississippi,68600
F5273989326385,Clinton,,Cobb,,,,jclark@example.org,407.120.1051x622,0518 Chambers Plaza Suite 345,Pamelaborough,Indiana,67997
F2968369956384,Timothy,,Simmons,,,,nfrye@example.net,057.294.3685x895,7097 Berg Neck Apt. 406,East Kimmouth,Michigan,09723
F9690148350139,Jason,,George,,,,rodney88@example.com,336-851-9827x63398,15878 Martinez Ports Apt. 369,Lake Christine,Mississippi,19831
F2725873379944,Steven,,White,,,,mooremelanie@example.net,+1-510-637-6491,754 Billy Coves Suite 574,Anthonymouth,New Mexico,45600
F2366375897019,Angelica,,Stanton,,,,carlsonbetty@example.net,539.129.2964,1619 Bond Rest,Burnsborough,Vermont,38574
F0926205875826,Michelle,,Wright,,,,jamesstephanie@example.net,(361)030-2065x5814,289 Cardenas Locks,North Gerald,Michigan,96917
F8030434223449,Juan,,Barnes,,,,deannamorris@example.com,203-504-8137x61748,058 Vicki Mountains,South Edward,Texas,03794
F9853232077491,Jill,,Potter,,,,nmorrow@example.org,(723)443-6704x1230,13693 Adriana Groves Apt. 421,Kylemouth,Iowa,87368
F4099948153035,Jeffrey,,Castillo,,,,hernandezjohn@example.net,+1-680-016-1182x083,78858 Daniel Ports,North Seanfurt,Alabama,05619
F8580101989111,Brian,,Davis,,,,garyking@example.com,+1-662-218-8733x2475,81759 Golden Parkway Suite 928,Kathrynfort,Vermont,11341
F1778671416763,Steven,,Gallagher,,,,thomaswatts@example.org,8803652735,34178 Conway Plain,Jasonview,Iowa,15192
F2900512482784,Randy,,Morgan,,,,bwhite@example.org,933.479.3516x22116,0653 Evans Wall,Lake Johnathanhaven,Indiana,90960
F1647468506157,Heidi,,Wilson,,,,tom02@example.com,+1-773-078-0300x0665,144 Day Shoals,Santiagomouth,Maryland,68295
F1825119382026,Stephen,,Smith,,,,april48@example.org,001-116-865-8558x7316,36053 Yates Path,North Patrick,Idaho,47234
F6625325651078,Laura,,Mercado,,,,sroberts@example.org,(079)812-5086,713 Glass Port Apt. 836,Thompsonside,Virginia,90092
F3788352687854,Molly,,King,,,,johnsonjohn@example.org,1871677908,543 Suzanne Cliffs Suite 712,West Thomas,Wisconsin,93025
F1213547007428,Chad,,Mcguire,,,,williamsjacqueline@example.net,476.177.2169x44061,2614 Claire Trace Apt. 019,West Shaunborough,Kentucky,44983
F7833681876144,Alyssa,,Winters,,,,zgreen@example.net,001-268-975-4749,9705 Esparza Expressway Suite 738,West Timothytown,Virginia,00696
F5545470519492,William,,Riley,,,,jamesblackwell@example.com,660.512.9082x66814,8209 Kimberly Ways,Lake Scott,Alaska,75764
F7890550047319,Richard,,Matthews,,,,jenniferchandler@example.net,(576)490-0195x44799,8657 Michael Street Apt. 344,West Eric,Ohio,68374
F9197977718180,Joseph,,Mckay,,,,leonrivera@example.org,001-105-719-8075x910,376 William Ports Apt. 680,Perezshire,Kentucky,07688
F5073757702584,Natalie,,Rowland,,,,sarah56@example.net,(401)632-6273,3140 Gomez Stream,West Traceymouth,Mississippi,07954
F5175500161409,James,,Sullivan,,,,carrolltina@example.net,554.953.8857,53564 Long Viaduct Apt. 364,West Denisebury,Texas,36347
F0453440943107,Richard,,Rocha,,,,kristi85@example.net,265-225-3121x97545,297 Barbara Ports Apt. 920,Heatherchester,Louisiana,60150
F4574917601705,Anthony,,Melton,,,,stacey05@example.org,+1-429-002-3583,9670 Jason Key Suite 515,East Timothyborough,Hawaii,39169
