first_name,gender
Crystal,female
Anthony,male
Christopher,male
Paige,female
Dana,female
Cynthia,female
Ronald,male
Erica,female
Erik,male
Michael,male
Christopher,male
Joseph,male
Veronica,female
Natasha,female
Mary,female
Johnny,male
Brittany,female
Tyler,male
Jose,male
Brenda,female
Lauren,female
Rebecca,female
Bryan,male
Pamela,female
Amanda,female
Kyle,male
John,male
Jessica,female
Steven,male
Hannah,female
Kurt,male
Scott,male
Harold,male
Andrea,female
Emily,female
Mary,female
Jason,male
Matthew,male
Caitlin,female
Laura,female
Kristina,female
Kathleen,female
Kelly,female
David,male
April,female
Rachel,female
Heather,female
Clayton,male
Ryan,male
Kimberly,female
Jeremy,male
Donna,female
Brittany,female
Erin,female
Pam,female
Tyler,male
Michael,male
Patricia,female
Kimberly,female
Daniel,male
Jacob,male
Shane,male
James,male
Joshua,male
Kimberly,female
Gabriel,male
Timothy,male
Michelle,male
Kathleen,female
Christina,female
Alex,uinisex
Sarah,female
Amanda,female
Barbara,female
Erika,female
Matthew,male
Brandon,male
Joseph,male
David,male
John,male
Lisa,female
Carmen,female
Jill,female
Shawn,male
Clarence,male
Elizabeth,female
Justin,male
Jacob,male
Lisa,female
Victor,male
Patrick,male
James,male
Charles,male
Miranda,female
Amanda,female
Michael,male
Emily,female
Christopher,male
Karen,female
Francisco,male
Sarah,female
Michelle,female
Jessica,female
Jeffrey,male
Sarah,female
Mary,female
William,male
Rebecca,female
David,male
Lori,female
Michael,male
Nicholas,male
Vanessa,female
Jeffrey,male
Robert,male
Erica,female
Aaron,male
Mark,male
Jeffrey,male
Shelly,female
Colleen,female
Brent,male
Michael,male
Benjamin,male
Crystal,female
Brian,male
John,male
Michael,male
Robyn,female
Whitney,female
Meghan,female
Amy,female
Kerri,female
Megan,female
Joel,male
Andrea,female
Charles,male
Katherine,female
Cynthia,female
Evan,male
Jody,female
Ethan,male
Carlos,male
Sabrina,female
Suzanne,female
Laura,female
Anthony,male
Rebecca,female
James,male
Veronica,female
Kevin,male
Lacey,female
Mason,male
Elizabeth,female
Marc,male
Adrian,male
Alison,female
Christopher,male
Jessica,female
Lori,female
Gregory,male
Nicole,female
Jessica,female
Patrick,male
Amanda,female
Robert,male
Michael,male
Bobby,unisex
Zoe,female
Brandon,male
David,male
John,male
Stanley,male
Carmen,female
Daniel,male
Steven,male
Alice,female
Kyle,male
Steven,male
Megan,female
Joel,male
Peter,male
Diane,female
Frank,male
Makayla,female
Lisa,female
Brittany,female
Jose,male
Jennifer,female
Amanda,female
Peter,male
Susan,female
Jacob,male
James,male
Tracy,male
Jonathan,male
Samantha,female
Michael,male
Nancy,female
Lynn,female
Joshua,male
Elizabeth,female
Charles,male
Denise,female
Richard,male
Jeffrey,male
Arthur,male
Karen,female
Andrea,female
Eric,male
Ryan,male
Gregory,male
Victoria,female
Felicia,female
Sierra,female
Erin,female
Jay,male
Ronald,male
Kristen,female
Katherine,female
Natalie,female
Renee,female
Beth,female
Angela,female
Barbara,female
Nicole,female
Michael,male
Paula,female
Alison,female
Sarah,female
David,male
Jamie,unisex
Daniel,male
Jessica,female
Gabriela,female
Thomas,male
Michael,male
Daniel,male
Adam,male
Michael,male
David,male
Paul,male
Bradley,male
Kayla,female
Laura,female
Edwin,male
Autumn,female
Deanna,female
Meredith,female
James,male
Lisa,female
Michael,male
Benjamin,male
Deborah,female
Adam,male
Brandon,male
Laura,female
Elizabeth,female
Henry,male
Alicia,female
Michael,male
Geoffrey,male
Rachel,female
Heather,female
Michelle,female
Rhonda,female
Noah,male
Andrew,male
Mary,female
Michelle,female
Katrina,female
Jennifer,female
James,male
Brooke,female
Jason,male
Brian,female
Lauren,female
Thomas,male
Samuel,male
Matthew,male
Colleen,female
Jacqueline,female
Nicholas,male
Christine,female
Tammy,female
Joshua,male
Casey,unisex
Marcus,male
Robert,male
Jocelyn,female
Jackie,female
Anthony,male
Sean,male
Andrew,male
Michael,male
Michael,male
Jessica,female
John,male
Randy,male
Rachel,female
David,male
Jessica,female
Clifford,male
Julie,female
David,male
Stephanie,female
Terry,male
Hannah,female
Ashley,female
Teresa,female
Joshua,male
Sheryl,female
Erik,male
Christopher,male
Mark,male
Frances,male
Crystal,female
Arthur,male
Christopher,male
Edward,male
Vanessa,female
Adam,male
Jason,male
Andrea,female
Debra,female
Amanda,female
Dawn,female
Kristin,female
Nathan,male
James,male
Patricia,female
Randy,male
John,male
Wendy,female
Katie,female
Betty,female
Matthew,male
Katrina,female
Jack,male
Martin,male
Stefanie,female
Nicole,female
Nicole,female
Patricia,female
Julie,female
Angel,male
Sharon,male
Morgan,unisex
Daniel,male
Kathy,female
Suzanne,female
Glenn,male
Richard,male
Martha,female
Keith,male
Alvin,male
Cheryl,female
Bruce,male
Ariel,female
Melanie,female
Erika,female
Heather,female
Rachel,female
Michael,male
Nichole,female
Peter,male
Kenneth,male
David,male
Hannah,female
Savannah,female
Joseph,male
Charles,male
Dennis,male
Jeffrey,male
Corey,unisex
Mark,male
Sherry,female
Christopher,male
Erin,female
Diane,female
Kevin,male
Anna,female
Sharon,female
Katherine,female
Evan,male
Eileen,female
Suzanne,female
Joshua,male
Kimberly,female
Jason,male
Kenneth,male
Suzanne,female
Gary,male
Megan,female
Ruben,male
John,male
Kyle,male
Jacob,male
Anthony,male
Matthew,male
Melissa,female
Megan,female
Peter,male
Vanessa,female
Kyle,male
Alexa,female
Devin,male
Rachel,female
Samuel,male
Ryan,male
Dana,female
Ryan,male
Joshua,male
Angelica,female
Jeffrey,male
Bryan,male
Alfred,male
Ashley,female
Heather,female
Spencer,male
Diana,female
Lauren,female
Billy,male
Robert,male
Brittany,female
Sabrina,female
Isaiah,male
Angela,female
Catherine,female
Sara,female
Patrick,male
Kenneth,male
Nicole,female
Cathy,female
Rachel,female
Kathy,female
Mary,female
Jared,male
Kelly,female
Michael,male
Jennifer,female
Thomas,male
Shelby,female
Vickie,female
Renee,female
Jason,male
Shelly,female
Patrick,male
John,male
Robert,male
Christopher,male
Kelly,female
Timothy,male
Marie,female
Ruben,male
Michelle,female
Lauren,female
Christine,female
Matthew,male
Regina,female
Shannon,female
Michael,male
Amanda,female
Jennifer,female
Christopher,male
Michael,male
Christopher,male
Catherine,female
Diane,female
Lori,female
Joseph,male
Joshua,male
Donald,male
Micheal,male
Robert,male
Brian,male
Mary,female
Christopher,male
Jay,male
Joshua,male
Theresa,female
Deborah,female
Tammy,female
Kelly,female
Adrienne,female
Anthony,male
Kevin,male
Erika,female
Heather,female
Thomas,male
Rita,female
Carol,female
Sylvia,female
Brandon,male
Joshua,male
George,male
Robin,male
Jeffrey,male
Jorge,male
Katrina,female
