"person_pkey","person_souce_system","first_name","middle_name","last_name","full_name","prefix","suffix","email","phone_number","street_address","city","state","zip_code"
"PerK3126032135811","Desktop_Test_Flatfile","Zachary","","Navarro","Zachary Navarro","","","eric55@example.org","+1-079-783-3931x651","965 Gardner Highway","Jonathanshire","Indiana","82573"
"PerK9822851916252","Desktop_Test_Flatfile","Anthony","Kevin","Edwards","Anthony Kevin Edwards","","","mark12@example.com","(341)682-0502x131","390 Andrew Stravenue","Lake Lauraport","Michigan","82071"
"PerK9659853158799","Desktop_Test_Flatfile","Abigail","","Lara","Abigail Lara","","DDS","wattsronald@example.org","999.932.9621","7904 Warren Shoals Apt. 537","Port James","Texas","45996"
"PerK9738949146329","Desktop_Test_Flatfile","Thomas","Thomas","Gonzalez","Thomas Thomas Gonzalez","","PhD","timothy45@example.com","736.881.7667","353 Salazar Greens Apt. 275","New Jeffery","Minnesota","07062"
"PerK6233529706328","Desktop_Test_Flatfile","Pamela","","Russell","Pamela Russell","Dr.","","shawn51@example.net","+1-107-466-3861x997","2362 Jamie Locks Apt. 101","Dicksonmouth","Oregon","79976"
"PerK2217236430732","Desktop_Test_Flatfile","Ryan","Thomas","Willis","Ryan Thomas Willis","Mrs.","Jr.","hendrickspatricia@example.com","758.249.5656x97308","18486 Monica Pass","South Michelle","Vermont","05539"
"PerK2947028576972","Desktop_Test_Flatfile","Richard","Jeremy","Curtis","Richard Jeremy Curtis","Mr.","","dharvey@example.net","001-373-899-7019x9554","259 Stephen Roads Suite 699","Doyleside","Louisiana","07785"
"PerK5691261455811","Desktop_Test_Flatfile","Tracy","","Kelley","Tracy Kelley","","DDS","piercelaura@example.com","+1-293-754-4442x929","4374 Roger Stream","Port Kerrifurt","Florida","20423"
"PerK3057125451825","Desktop_Test_Flatfile","Laura","","Armstrong","Laura Armstrong","Dr.","MD","kristinadaniel@example.com","9470126086","41291 Jared Spur","Lake Laura","Tennessee","63443"
"PerK5607802437642","Desktop_Test_Flatfile","Erik","Veronica","Wilson","Erik Veronica Wilson","Mr.","","mgordon@example.com","507-318-1744x1183","56688 Vincent Underpass Apt. 702","North Samantha","Alaska","65942"
"PerK7763286758050","Desktop_Test_Flatfile","Donna","","Cooper","Donna Cooper","Ind.","PhD","brownanna@example.com","223.581.8465","4195 Evan Keys","North Edwardbury","Indiana","69109"
"PerK8629851251373","Desktop_Test_Flatfile","Justin","Brandon","Hunter","Justin Brandon Hunter","","II","michaelmartinez@example.org","238.098.3361x28945","03088 Hicks Pines","South Alyssaside","Massachusetts","75787"
"PerK4973252491284","Desktop_Test_Flatfile","Dana","Holly","Compton","Dana Holly Compton","Mrs.","MD","wongmegan@example.com","882.739.3143","786 Bailey Point","Taylorborough","Louisiana","14749"
"PerK4204243061019","Desktop_Test_Flatfile","Richard","","Kennedy","Richard Kennedy","Mx.","DVM","debbiecollins@example.com","+1-794-868-7516x293","490 Eric Field","North Steven","Indiana","56992"
"PerK8983847055650","Desktop_Test_Flatfile","Steven","","Dalton","Steven Dalton","","","veronicamartin@example.com","065-413-4886x99366","765 Linda Mountain Suite 229","Crawfordmouth","Hawaii","96658"
"PerK5400747030509","Desktop_Test_Flatfile","Veronica","","Smith","Veronica Smith","","","mitchellmarvin@example.net","520-111-7983x66123","78607 Joseph Route","Torresstad","Wisconsin","34929"
"PerK5767048238219","Desktop_Test_Flatfile","Victoria","Laurie","Burke","Victoria Laurie Burke","Dr.","","toni79@example.com","8682225073","46435 Robert Pines","East Juanchester","Wyoming","12413"
"PerK9171000468266","Desktop_Test_Flatfile","Michael","","Harper","Michael Harper","","III","lisa87@example.com","378.393.2493x984","35723 Lauren Pine","New Veronica","Georgia","16261"
"PerK6723179849174","Desktop_Test_Flatfile","Samuel","","Norman","Samuel Norman","Miss","","mnelson@example.net","+1-068-298-7971","272 Cathy Isle","North Heather","Virginia","98440"
"PerK6381639433907","Desktop_Test_Flatfile","Robert","Donald","Chavez","Robert Donald Chavez","Ms.","DDS","njackson@example.net","6229295145","4497 Kenneth Ferry","Sanchezfurt","California","68771"
