"event_pkey","event_souce_system","event_name","event_description"
"EveK5819872968043","Desktop_Test_Flatfile","IRONMAN 70.3","Media friend material pattern why maybe.
Describe such condition voice hospital story free. White history side daughter during character answer."
"EveK7518012921105","Desktop_Test_Flatfile","IRONMAN 70.3","Structure particular born return. They population same however act ready. Eight hold bed method minute.
Always company carry note."
"EveK2761049478356","Desktop_Test_Flatfile","IRONMAN 70.3","End former media account source. Nature speak view visit plant this."
"EveK0399956812936","Desktop_Test_Flatfile","IRONMAN 70.3","Truth cause face commercial describe. Mention light such fund. Song science look really family agent side cover. Office everyone population smile direction market."
"EveK5983306364852","Desktop_Test_Flatfile","IRONMAN 70.3","None field consumer father since computer. Wide stay what development hit everyone success. Them price their without allow parent type sea.
Career how community."
"EveK8982760772156","Desktop_Test_Flatfile","IRONMAN 70.3","Realize safe trip. Pm final history might. Among perhaps base bit start though attorney.
Each letter represent defense civil idea west. Than win purpose future gas model."
"EveK3147173538668","Desktop_Test_Flatfile","IRONMAN 70.3","Center boy woman huge. Note friend management indicate culture alone protect than. Gun three soon large road top magazine. Government probably most idea choose stand."
"EveK8697268080138","Desktop_Test_Flatfile","IRONMAN 70.3","Send push kitchen. Here mission official growth position hit cause.
Eight entire want about character newspaper skin. Ago operation when indicate. Agency note material eat everybody need."
"EveK7014971312713","Desktop_Test_Flatfile","IRONMAN 70.3","Garden skin executive. Sure maybe left general court marriage.
Safe decade game measure. Country office exactly home drive relationship case. Choose amount around right bad."
"EveK4876443889658","Desktop_Test_Flatfile","IRONMAN 70.3","Avoid recognize use very score sense begin. City produce its agreement whatever. Simply sort participant.
Life theory second again ten site. Seek entire attack represent subject pattern just."
