"registration_pkey","registration_souce_system","registration_personid","registration_eventid","registration_sub_eventid","registration_date","registration_status"
"RegK8778361073613","Desktop_Test_Flatfile","PerK1285930553874","EveK2692481290124","SbeK5619987987652","1977-06-19","Registered"
"RegK1992393991838","Desktop_Test_Flatfile","PerK6555826497953","EveK7156121326437","SbeK5535793585519","1972-01-30","Registered"
"RegK2497053438467","Desktop_Test_Flatfile","PerK4907278999998","EveK8319577292049","SbeK2248148605147","1977-04-11","Registered"
"RegK0217138909543","Desktop_Test_Flatfile","PerK8368376495199","EveK7156121326437","SbeK5535793585519","2021-03-13","Registered"
"RegK2786756786709","Desktop_Test_Flatfile","PerK4179875466573","EveK7949180588072","SbeK1944934890025","1976-07-13","Registered"
"RegK4930072870569","Desktop_Test_Flatfile","PerK9384945343554","EveK3207685204571","SbeK7989337565754","1993-04-25","Registered"
"RegK1656168958876","Desktop_Test_Flatfile","PerK4064870604245","EveK2117008032549","SbeK3926836817087","1977-09-04","Registered"
"RegK7449048138130","Desktop_Test_Flatfile","PerK3868699919976","EveK1179310728894","SbeK9439741751444","2003-11-26","Registered"
"RegK5044554675388","Desktop_Test_Flatfile","PerK5187531150581","EveK1179310728894","SbeK9439741751444","1980-06-29","Registered"
"RegK5563377194390","Desktop_Test_Flatfile","PerK2395568532048","EveK1179310728894","SbeK9439741751444","1986-02-19","Registered"
"RegK4673550790040","Desktop_Test_Flatfile","PerK0297357449723","EveK2692481290124","SbeK5619987987652","1974-10-19","Registered"
"RegK2077928047408","Desktop_Test_Flatfile","PerK4300648405974","EveK2117008032549","SbeK3926836817087","2020-04-11","Registered"
"RegK5588414668191","Desktop_Test_Flatfile","PerK1275204249992","EveK2117008032549","SbeK3926836817087","1994-04-18","Registered"
"RegK0349908898204","Desktop_Test_Flatfile","PerK5283997564952","EveK2117008032549","SbeK3926836817087","2001-09-30","Registered"
"RegK1097632420114","Desktop_Test_Flatfile","PerK4680157936900","EveK7156121326437","SbeK5535793585519","2019-11-22","Registered"
"RegK0998769884859","Desktop_Test_Flatfile","PerK1646307859157","EveK1179310728894","SbeK9439741751444","2012-09-27","Registered"
"RegK5440632558817","Desktop_Test_Flatfile","PerK9165419446298","EveK1179310728894","SbeK9439741751444","2001-08-04","Registered"
"RegK9139309967521","Desktop_Test_Flatfile","PerK1767621602561","EveK7724006666307","SbeK3493045685085","1984-05-06","Registered"
"RegK2956071015345","Desktop_Test_Flatfile","PerK0957959839017","EveK7724006666307","SbeK3493045685085","1994-04-30","Registered"
"RegK7369034927220","Desktop_Test_Flatfile","PerK1473015783876","EveK3207685204571","SbeK7989337565754","1996-12-07","Registered"
